id;title;type;category;author_id;author_name;created;modified;content
1;mobile Fish;PLAIN;Trace;Savings Account alarm;Tasty Metal Bacon;2019-07-23T12:59:51;2019-07-24T06:25:35;../data/blob/hipster.txt
2;Chips;HTML;Albania web-readiness;Namibia;Steel zero administration;2019-07-24T02:43:48;2019-07-24T05:56:10;../data/blob/hipster.txt
3;Licensed Savings Account;MARKDOWN;HDD;Table Small Frozen Sausages Planner;envisioneer Music Public-key;2019-07-24T05:44:17;2019-07-24T00:57:32;../data/blob/hipster.txt
4;Rubber Buckinghamshire Games;PLAIN;Costa Rica Mayotte;Industrial;connect Markets Chief;2019-07-23T21:10:23;2019-07-23T18:04:06;../data/blob/hipster.txt
5;archive Georgia Aruba;HTML;Louisiana Specialist Home Loan Account;Plastic;Car Industrial deliverables;2019-07-24T02:02:44;2019-07-24T06:45:12;../data/blob/hipster.txt
6;Books;MARKDOWN;Unbranded Plastic Tuna Frozen;generating Highway Ergonomic;moratorium moratorium;2019-07-23T18:00:44;2019-07-23T21:19:54;../data/blob/hipster.txt
7;tangible Mississippi;PLAIN;hard drive Robust Networked;Poland;Small partnerships;2019-07-24T06:40:53;2019-07-24T10:46:06;../data/blob/hipster.txt
8;withdrawal knowledge base Buckinghamshire;MARKDOWN;User-centric;Money Market Account;Salad Web virtual;2019-07-23T20:19:16;2019-07-24T08:59:27;../data/blob/hipster.txt
9;Squares mint green e-business;HTML;Direct;Profit-focused;Jewelery cutting-edge;2019-07-24T04:12:28;2019-07-24T11:21:20;../data/blob/hipster.txt
10;Borders;MARKDOWN;24/7;Gloves sky blue Oklahoma;robust Engineer;2019-07-23T12:25:27;2019-07-24T05:35:51;../data/blob/hipster.txt
